NoKepalaKeluarga,NilaiKelayakan
23,98.90729697678994
21,98.79590798551459
73,98.78751365039169
83,98.59604798303818
15,97.22446348593633
53,96.4729716077416
59,96.0324631187087
42,95.67192222566743
34,95.44310893434793
49,95.41322737892773
93,93.88148733663377
64,92.15954980395053
19,91.37484337153043
74,91.29788388497016
31,88.3511404336654
6,84.21064719121767
80,84.21064719121767
66,83.90197927021796
51,79.84288298512176
38,64.39770372675554
